name,seqString,EncodedTag,RestrictionSite,category,Direction
Novagen Ek/LIC-F +X in frame Met or Ile,GACGACGACAAGAT,DDDDK|M/I,,Forward Extension,forward
Novagen Xa/LIC-F,GGTATTGAGGGTCGC,GIEGR|,,Forward Extension,forward
Novagen 3C/LIC-F,CAGGGACCCGGT,LEVFQ|GPG,,Forward Extension,forward
Standard_5'-Infusion-3C,GAAGTTATCAGTCGACCTCGAGGTTCTGTTCCAGGGGCCC,LEVLFQ|GP,Sal1,Forward Extension,forward
LowTm_3C_5'-Infusion_site,TTTCAAGGACCCATG,FQ|GPM,,Forward Extension,forward
Opti3CInffwd,AAGTTCTGTTTCAGGGCCCG,VLFQ|GP,,Forward Extension,forward
HHSSGInffwd,ATCATCACAGCAGCGGC,HHSSG,,Forward Extension,forward
Kozak(pET/TriEx)Inffwd,AGGAGATATACCATG,M,,Forward Extension,forward
Kpn1_pLEXInffwd,CCGAATTCAACGTTGGTACCGCGGCCGCCTCAAGCAGGCCACCATG,,Kpn1,Forward Extension,forward
ESPRIT1-Kozak(pET/TriEx)Inffwd+Lys,AGGAGATATACCATGAAA,K,,Forward Extension,forward
SUMOInffwd,GCGAACAGATCGGTGGT,,,Forward Extension,forward
SignalPepInfFwd,GCGTAGCTGAAACCGGC,,,Forward Extension,forward
HHSSGInffwd(E),ACCATCACAGCAGCGGC,HHSSG,,Forward Extension,forward
TriEx SfiI Fwd,TATATATATGGCCATTATGGCCTG,,SfiI,Forward Extension,forward
pGEXBamH1,GCAATTCGGATCC,,BamHI,Forward Extension,forward
pGEXBglII,GCAATTCAGATCT,,BglII,Forward Extension,forward
pET45b_3C,CTGGAAGTTCTGTTTCAGGGCCCG,LEVLF|GF,,Forward Extension,forward
OPTIC3C-PHF11-Exon2-SV,AAGTTCTGTTTCAGGGCCCGATGGAT,,,Forward Extension,forward
3C_opti_BamHI,AAGTTCTGTTTCAGGGCCCGGGATCC,VLFQ|GF,,Forward Extension,forward
Kpn1CDM7-Fc,CGCGCGCGGGTACC,,KpnI,Forward Extension,forward
HindIIICDM7-Fc,GCGCGCAAGCTT,,HindIII,Forward Extension,forward
Kpn1frameshiftCDM7-Fc,CGCGCGCGGGTACCG,,KpnI,Forward Extension,forward
pHLsec_Age_F,GATATAATACCGGT,,HindIII,Forward Extension,forward
AgeI_His6_pHLsec,CGCACCGGTCACCACCATCACCATCAC,HHHHHH,AgeI,Forward Extension,forward
BsiWI_pHLsec,CGCCGTACG,,BsiWI,Forward Extension,forward
AgeI_His8_pHLsec,CGCACCGGTCACCACCATCACCATCACCACCAT,HHHHHHHH,AgeI,Forward Extension,forward
AgeI_His6__3C_pHLsec,CGCACCGGTCACCACCATCACCATCACCTGGAAGTGCTGTTCCAGGGACCA,HHHHLEVFQ|GF,AgeI,Forward Extension,forward
AgeI_pLEX,CGCACCGGT,,AgeI,Forward Extension,forward
ompAleaderfwd,CTACCGTAGCGCAAGCT,,,Forward Extension,forward
ompAleaderfwd2,CTACCGTAGCGCAAGCGGCG,,,Forward Extension,forward
Sfi1leaderfwd,ATATATATGGCCATTATGGCCTG,,SfiI,Forward Extension,forward
c-His6-3C,CCATCACCATCACCATCACCTCGAGGTTCTGTTCCAGGGGCCC,HHHHHHLEVLFQ|GP,,Forward Extension,forward
MetGlySerSerHis6,ATGGGCAGCAGCCATCATCATCATCATCAC,MGSSHHHHHH,,Forward Extension,forward
NdeI-GlySerSerHis6,GATTCTACCATATGGGCAGCAGCCATCATCATCATCATCAC,GSSHHHHHH,NdeI,Forward Extension,forward
NcoI-GlySerSerHis6,GATATAATCCATGGGCAGCAGCCATCATCATCATCATCAC,GSSHHHHHH,NcoI,Forward Extension,forward
NdeI,GATTCTACCATATG,,NdeI,Forward Extension,forward
NcoI(with G as 1st base of next codon),GATATAATCCATGG,,NcoI,Forward Extension,forward
NcoI-Gly,GATATAATCCATGGGC,G,NcoI,Forward Extension,forward
NcoI-Ala,GATATAATCCATGGCA,A,NcoI,Forward Extension,forward
GWF-Kozak,GGGGACAAGTTTGTACAAAAAAGCAGGCTTCGCCACC,,,Forward Extension,forward
GWF-Ecoli-Optimized3C,GGGGACAAGTTTGTACAAAAAAGCAGGCTTCCTGGAAGTTCTGTTCCAGGGCCCG,LEVLFQ|GP,,Forward Extension,forward
GWF-RBS-MetHis6,GGGGACAAGTTTGTACAAAAAAGCAGGCTTCGAAGGAGATAGAACCATGCATCACCATCACCATCAC,MHHHHHH,,Forward Extension,forward
GWF-RBS-Met,GGGGACAAGTTTGTACAAAAAAGCAGGCTTCGAAGGAGATAGAACCATG,M,,Forward Extension,forward
GWF-RBS,GGGGACAAGTTTGTACAAAAAAGCAGGCTTCGAAGGAGATAGAACC,,,Forward Extension,forward
GWF-RBS-MetAlaHis6,GGGGACAAGTTTGTACAAAAAAGCAGGCTTCGAAGGAGATAGAACCATGGCACATCACCACCACCATCAC,MAHHHHHH,,Forward Extension,forward
GWF-PHF11-Exon2-sv,GGGGACAAGTTTGTACAAAAAAGCAGGCTTCGAAGGAGATAGAACCATGGCACATCACCACCACCATCACATGGAT,,,Forward Extension,forward
GWF-RBS-MetAla,GGGGACAAGTTTGTACAAAAAAGCAGGCTTCGAAGGAGATAGAACCATGGCA,MA,,Forward Extension,forward
GWF-RBS-NdeI,GGGGACAAGTTTGTACAAAAAAGCAGGCTTCGAAGGAGATAGAACCCATATG,M,NdeI,Forward Extension,forward
GWF-RBS-Kozak,GGGGACAAGTTTGTACAAAAAAGCAGGCTTCGAAGGAGATAGAGCCACC,,,Forward Extension,forward
GWF-RBS-Kozak-MetAla,GGGGACAAGTTTGTACAAAAAAGCAGGCTTCGAAGGAGATAGAGCCACCATGGCA,MA,,Forward Extension,forward
GWF-RBS-BirA,GGGGACAAGTTTGTACAAAAAAGCAGGCTTCGAAGGAGATAGAACCATGTCCGGTCTGAACGACATCTTCGAAGCTCAGAAAATCGAATGGCACGAA,MSGLNDIFEAQKIEWHE,,Forward Extension,forward
GWF-RBS-MetLysHis6,GGGGACAAGTTTGTACAAAAAAGCAGGCTTCGAAGGAGATAGAACCATGAAACATCACCACCACCATCAC,MKHHHHHH,,Forward Extension,forward
Novagen Ek/LIC-R,GAGGAGAAGCCCGGT,,,Reverse Extension,reverse
Novagen Xa/LIC-R,AGAGGAGAGTTAGAGCC,,,Reverse Extension,reverse
Novagen 3C/LIC-R,GGCACCAGAGCGTT,,,Reverse Extension,reverse
Infusion 3'-site,ATGGTCTAGAAAGCTTTA,,,Reverse Extension,reverse
KH6-pETInfrev,GTGGTGGTGGTGTTT,KHHHHHH,,Reverse Extension,reverse
KH6-pTriExInfrev,GTGATGGTGATGTTT,KHHHHHH,,Reverse Extension,reverse
Not1_pLEXInfrev,GAGGCATGCGCGGCCGCTTAGTGATGGTGATGGTGATGTTT,,NotI,Reverse Extension,reverse
Not1_pLEXInfrevICOSmutant,GAGGCATGCGCGGCCGCTTAGTGATGGTGATGGTGATGTTTCAGCTGGGATGA,,NotI,Reverse Extension,reverse
STOPKH6-pTriExInfrev,GTGATGGTGATGTTTTTA,*KHHHHHH,,Reverse Extension,reverse
no tag-pTriEXInfrev,GTGATGGTGATGTTTTCA,,,Reverse Extension,reverse
Inf_3'_SalI,ATGGTCTAGAAAGCTTTAGTCGACTA,,SalI,Reverse Extension,reverse
TriEx SfiI Rev,TATATATATCAGGCCGAGGCGGCC,,SfiI,Reverse Extension,reverse
BamH1CDM7-Fc,GCGCGCGGATCC,,BamHI,Reverse Extension,reverse
BamH1frameshiftCDM7-Fc,GCGCGCGGATCCTC,,BamHI,Reverse Extension,reverse
pHLsec_BsiWI_for CHIS,GCATATCCGTACG,,BsiWI,Reverse Extension,reverse
KpnI_pHLsec,CGCGGTACC,,KpnI,Reverse Extension,reverse
Kpn1-Christian,GCGGGTACC,,KpnI,Reverse Extension,reverse
STOP_KpnI_pHLsec,CGCGGTACCCTA,*,KpnI,Reverse Extension,reverse
BsiWI_pHLsec,CGCCGTACG,,BsiWI,Reverse Extension,reverse
Stop-BamH1,GCAATTCGGATCCTCA,*,BamHI,Reverse Extension,reverse
Stop-HinDIII,GCATATCAAGCTTTCA,*,HindIII,Reverse Extension,reverse
LysHis6-Stop-BamHI,GCAATTCGGATCCTCAGTGATGATGATGATGATGTTT,KHHHHHH*,BamHI,Reverse Extension,reverse
LysHis6-Stop-HinDIII,GCATATCAAGCTTTCAGTGATGATGATGATGATGTTT,KHHHHHH*,HIndIII,Reverse Extension,reverse
LysHis6-Stop,TCAGTGATGATGATGATGATGTTT,KHHHHHH*,,Reverse Extension,reverse
BirA-His6-Stop,TCAGTGATGGTGATGGTGATGCCACTCGATTTTCTGTGCCTCGAAGATGTCATTCAGGCCGGATCC,GSGLNDIFEAQKIEWHHHHHH*,,Reverse Extension,reverse
KSPLLV-BirA-His6-Stop,TCAGTGATGGTGATGGTGATGCCACTCGATTTTCTGTGCCTCGAAGATGTCATTCAGGCCTGATCCGACCAGAAGGGGACTCTT,KSPLLVGSGLNDIFEAQKIEWHHHHHH*,,Reverse Extension,reverse
Stop-EcoR1,GCAATTCGGAATTCTCA,*,EcoRI,Reverse Extension,reverse
Stop-Xho1,GCAATTCGCTCGAGTCA,*,XhoI,Reverse Extension,reverse
Sfi1Fcrev,ATATATATCAGGCCGAGGCGGCC,,SfiI,Reverse Extension,reverse
Attb2_PHF11_Exonvab_sv,GGGGACCACTTTGTACAAGAAAGCTGGGTCTCAGCTGGTACGGCTGCC,,,Reverse Extension,reverse
g-GWR,GGGGACCACTTTGTACAAGAAAGCTGGGTC,,,Reverse Extension,reverse
Stop-g-GWR,GGGGACCACTTTGTACAAGAAAGCTGGGTCTCA,*,,Reverse Extension,reverse
ThrValHis6-Stop-g-GWR,GGGGACCACTTTGTACAAGAAAGCTGGGTCTCAATGGTGATGGTGATGATGACCGGT,TVHHHHHH*,,Reverse Extension,reverse
3C-Lys-GWR,GGGGACCACTTTGTACAAGAAAGCTGGGTCGGGCCCCTGGAACAGAACCTCGAGCTT,KLEVLFQ|GP,,Reverse Extension,reverse
LysThrGlyHis6-Stop-g-GWR,GGGGACCACTTTGTACAAGAAAGCTGGGTCTCAATGGTGATGGTGATGATGACCGGTCTT,KTGHHHHHH*,,Reverse Extension,reverse
His6-Stop-g-GWR,GGGGACCACTTTGTACAAGAAAGCTGGGTCTCAGTGATGGTGATGGTGATG,HHHHHH*,,Reverse Extension,reverse
His6(alt.codonuse)-Stop-g-GWR,GGGGACCACTTTGTACAAGAAAGCTGGGTCTCAATGGTGATGGTGATGATG,HHHHHH*,,Reverse Extension,reverse
BirA-His6-Stop-g-GWR,GGGGACCACTTTGTACAAGAAAGCTGGGTCTCAGTGATGGTGATGGTGATGCCACTCGATTTTCTGTGCCTCGAAGATGTCATTCAGGCCGGATCC,GSGLNDIFEAQKIEWHHHHHH*,,Reverse Extension,reverse
BamHI-GWR,GGGGACCACTTTGTACAAGAAAGCTGGGTCTCAGGATCC,,BamHI,Reverse Extension,reverse
SpeI-GWR,GGGGACCACTTTGTACAAGAAAGCTGGGTCTCAACTAGT,,SpeI,Reverse Extension,reverse
Lys-His6-Stop-g-GWR,GGGGACCACTTTGTACAAGAAAGCTGGGTCTCAATGGTGATGGTGATGATGTTT,KHHHHHH*,,Reverse Extension,reverse
